customer_id,probability_of_churn,predictions_of_churn
9620-ENEJV,0.4853175555477718,0
5449-FIBXJ,0.37784591229026676,0
5356-RHIPP,0.21174164806108475,0
5616-PRTNT,0.22170551403419447,0
1972-XMUWV,0.056365531866920504,0
6828-HMKWP,0.021264752941506225,0
8749-JMNKX,0.549692776144131,1
9828-AOQLM,0.41011783443733124,0
3211-AAPKX,0.4297285506376219,0
0135-NMXAP,0.549692776144131,1
4732-RRJZC,0.15317232195695613,0
8751-EDEKA,0.4806887532555539,0
1678-FYZOW,0.5596747089155785,1
4902-OHLSK,0.38072995443615826,0
7797-EJMDP,0.24400499267704504,0
5780-INQIK,0.2685765232567935,0
1871-MOWRM,0.35826131716393234,0
4588-YBNIB,0.21868619351909435,0
7328-OWMOM,0.026563368871606548,0
4824-GUCBY,0.48491078458659337,0
4692-NNQRU,0.10517582397177928,0
3594-IVHJZ,0.14854379974259693,0
2498-XLDZR,0.04171387360417531,0
4710-NKCAW,0.24400499267704504,0
6230-BSUXY,0.5568040607786683,1
3671-SHRSP,0.4068270997865625,0
3262-EIDHV,0.041924158364357283,0
9054-FOWNV,0.5528149138058475,1
6075-SLNIL,0.549692776144131,1
2692-PFYTJ,0.1169234837224218,0
2263-SFSQZ,0.012243959272777754,0
0114-RSRRW,0.21820592376388925,0
6521-YYTYI,0.549692776144131,1
6840-RESVB,0.09622682711457302,0
2108-GLPQB,0.3526241647360135,0
6467-CHFZW,0.5481690226399261,1
6097-EQISJ,0.22478369204018678,0
7771-ZONAT,0.04116559384229551,0
6818-DJXAA,0.42253508455168776,0
0114-PEGZZ,0.4351904022314516,0
3097-IDVPU,0.3526241647360135,0
0440-UEDAI,0.13905529340440145,0
5656-MJEFC,0.04739749684943569,0
4513-CXYIX,0.1605993632350507,0
8311-UEUAB,0.102626356597999,0
1629-DQQVB,0.3526241647360135,0
9191-MYQKX,0.5596747089155785,1
1766-GKNMI,0.5568040607786683,1
1184-PJVDB,0.5582914302703345,1
1891-QRQSA,0.10933468687856956,0
6967-QIQRV,0.1461408841933026,0
3082-VQXNH,0.37049569928196563,0
5198-EFNBM,0.19177410436600123,0
1776-SPBWV,0.03429757837174031,0
6326-MTTXK,0.47665634447850175,0
7173-TETGO,0.13876411504528394,0
7562-UXTPG,0.5579825468231754,1
7198-GLXTC,0.4910231280270546,0
9825-YCXWZ,0.162119549047954,0
6087-YPWHO,0.04148728816654404,0
1066-JKSGK,0.16798310493052174,0
2716-GFZOR,0.5568040607786683,1
9103-CXVOK,0.2095205533177597,0
2636-SJDOU,0.19327331783985172,0
9919-KNPOO,0.549692776144131,1
9153-BTBVV,0.01656800241107907,0
9589-ABEPT,0.1013956137374925,0
9747-DDZOS,0.4853674188069192,0
4623-ZKHLY,0.14854379974259693,0
4686-UXDML,0.5481690226399261,1
5868-CZJDR,0.40907405563548793,0
5266-PFRQK,0.033482082249178424,0
5609-IMCGG,0.5568040607786683,1
5198-HQAEN,0.1330408936317021,0
9068-VPWQQ,0.04224326273885148,0
7576-OYWBN,0.5596747089155785,1
5982-PSMKW,0.061212634582858534,0
2983-ZANRP,0.5596747089155785,1
3916-NRPAP,0.48491078458659337,0
0626-QXNGV,0.010292072350148406,0
0504-HHAPI,0.4838108909172704,0
6937-GCDGQ,0.1244059708996006,0
2782-LFZVW,0.3685755165935586,0
8123-QBNAZ,0.545287287726133,1
7554-AKDQF,0.3710655116716976,0
5396-IZEPB,0.20342450845057347,0
3606-SBKRY,0.11629090624105284,0
3313-QKNKB,0.1631016623329203,0
1543-LLLFT,0.14103670303234422,0
6551-GNYDG,0.5568040607786683,1
7404-JLKQG,0.3390083977898602,0
1338-CECEE,0.10134757330923343,0
4657-FWVFY,0.549692776144131,1
6892-XPFPU,0.545287287726133,1
1699-TLDLZ,0.021155872176000567,0
9475-NNDGC,0.15762505644283512,0
3212-KXOCR,0.016988080247112024,0
5399-ZIMKF,0.5596747089155785,1
4925-LMHOK,0.26516782498434677,0
9564-KCLHR,0.25999192562772183,0
2890-WFBHU,0.07899064391719643,0
6368-NWMCE,0.24621289983091393,0
1074-WVEVG,0.02642320453097467,0
8976-OQHGT,0.2546239434751046,0
3472-OAOOR,0.40907405563548793,0
8265-HKSOW,0.08708096240075544,0
8347-GDTMP,0.022181797470218537,0
7789-HKSBS,0.22075147170874235,0
6100-FJZDG,0.029696208530182778,0
3932-CMDTD,0.16440576083790195,0
0516-VRYBW,0.026563368871606548,0
7321-ZNSLA,0.046402326090013955,0
9779-DPNEJ,0.5582914302703345,1
4619-EVPHY,0.19177410436600123,0
1095-WGNGG,0.1670427152860337,0
3737-XBQDD,0.5568040607786683,1
0343-QLUZP,0.08546329517627456,0
3134-DSHVC,0.13869995729521822,0
7596-LDUXP,0.19327331783985172,0
5433-KYGHE,0.4199616896494433,0
3717-OFRTN,0.2095205533177597,0
2842-JTCCU,0.3710655116716976,0
1641-BYBTK,0.21174164806108475,0
8097-OMULG,0.07657587202162999,0
8849-AYPTR,0.4806887532555539,0
2153-MREFK,0.1439242903391693,0
3777-XROBG,0.021155872176000567,0
6082-GLJIX,0.19722596461138497,0
2428-HYUNX,0.02046589189982869,0
8181-YHCMF,0.04116559384229551,0
9667-TKTVZ,0.2798194853732932,0
9743-DQKQW,0.373948068443021,0
9003-CPATH,0.48778143272350355,0
5066-GFJMM,0.22035488171802112,0
4310-KEDTB,0.40907405563548793,0
3018-TFTSU,0.48491078458659337,0
7061-OVMIM,0.033049988007666904,0
9114-VEPUF,0.1807002448102116,0
5766-FTRTS,0.041924158364357283,0
9805-FILKB,0.03429757837174031,0
3376-BMGFE,0.5579825468231754,1
5285-MVEHD,0.22075147170874235,0
6551-VLJMV,0.016270494549737134,0
4903-CNOZC,0.11482994454315618,0
3913-FCUUW,0.05910659722468783,0
8035-BUYVG,0.12336219209775727,0
2272-UOINI,0.28675766167710837,0
2088-IEBAU,0.0593595131135397,0
3318-OSATS,0.549692776144131,1
2454-RPBRZ,0.5481690226399261,1
4759-PXTAN,0.09605788666427723,0
2181-UAESM,0.3526241647360135,0
0187-QSXOE,0.5528149138058475,1
4124-MMETB,0.549692776144131,1
4489-SNOJF,0.2430335129758488,0
1465-VINDH,0.5481690226399261,1
9028-LIHRP,0.08886960731617428,0
5651-CPDND,0.3710655116716976,0
3301-VKTGC,0.19282298603877945,0
2023-VQFDL,0.17940154356194113,0
8128-YVJRG,0.5596747089155785,1
1498-NHTLT,0.05820134435681272,0
4188-PCPIG,0.06234647261409591,0
4248-QPAVC,0.5568040607786683,1
3845-JHAMY,0.40907405563548793,0
5346-BZCHP,0.022181797470218537,0
5222-JCXZT,0.17940154356194113,0
9430-NKQLY,0.012243959272777754,0
3057-VJJQE,0.0774767800111904,0
0902-XKXPN,0.016270494549737134,0
0867-MKZVY,0.48491078458659337,0
8174-LNWMW,0.016796983202114157,0
7912-SYRQT,0.5596747089155785,1
5063-IUOKK,0.02939830824175519,0
0386-CWRGM,0.022181797470218537,0
2697-NQBPF,0.4194233904358445,0
7854-EKTJL,0.21868619351909435,0
7901-HXJVA,0.48910358952555777,0
5226-NOZFC,0.5568040607786683,1
8974-OVACP,0.16798310493052174,0
1697-LYYYX,0.03728693637713377,0
5808-TOTXO,0.02979687301459262,0
2739-CCZMB,0.14283747579552902,0
8799-OXZMD,0.40907405563548793,0
5196-WPYOW,0.07116665503603518,0
0742-MOABM,0.25999192562772183,0
1728-CXQBE,0.549692776144131,1
1591-MQJTP,0.19177410436600123,0
3088-FVYWK,0.015363709490583275,0
1386-ZIKUV,0.25266735147939057,0
0568-ONFPC,0.11633089112982921,0
9214-EKVXR,0.40907405563548793,0
5498-TXHLF,0.4838108909172704,0
7446-KQISO,0.11205106706057161,0
0723-VSOBE,0.11809103162553995,0
2085-JVGAD,0.14283747579552902,0
6746-WAUWT,0.0332374776712137,0
7858-GTZSP,0.5568040607786683,1
0420-HLGXF,0.5481690226399261,1
7101-HRBLJ,0.05708788765436816,0
4782-OSFXZ,0.05708788765436816,0
8819-WFGGJ,0.08950879809023547,0
7694-VLBWQ,0.1983189382109986,0
5549-ZGHFB,0.01656800241107907,0
0508-OOLTO,0.5579825468231754,1
7330-WZLNC,0.549692776144131,1
9823-EALYC,0.05762842819490871,0
4597-NUCQV,0.5481690226399261,1
1240-KNSEZ,0.2099179765635002,0
0608-JDVEC,0.024757100671681815,0
7841-FCRQD,0.09174565544897054,0
8058-DMYRU,0.549692776144131,1
1833-VGRUM,0.5596747089155785,1
4942-VZZOM,0.11451060010473463,0
2995-UPRYS,0.1439242903391693,0
4343-EJVQB,0.4853674188069192,0
6374-AFWOX,0.04327683694804051,0
8070-AAWZP,0.2702058800265553,0
9867-JCZSP,0.0267912473067364,0
2519-LBNQL,0.22075147170874235,0
0208-BPQEJ,0.20302738413002147,0
6625-UTXEW,0.3897941210107765,0
8434-VGEQQ,0.016255595761543583,0
1428-IEDPR,0.11554957899208734,0
0117-LFRMW,0.37273069949347876,0
6128-DAFVY,0.41011783443733124,0
1813-JLKWR,0.037118031111098806,0
0840-DFEZH,0.5596747089155785,1
1399-UBQIU,0.4109608571634265,0
5099-BAILX,0.383848016435771,0
9917-KWRBE,0.13931323607960266,0
9746-UGFAC,0.02760913244315951,0
3566-CAAYU,0.04438543117050049,0
9938-TKDGL,0.11235946711418386,0
7408-OFWXJ,0.04263344824784273,0
6234-RAAPL,0.08753517759301335,0
9424-CMPOG,0.021155872176000567,0
0266-GMEAO,0.10848673366219529,0
9944-HKVVB,0.549692776144131,1
0319-QZTCO,0.3685755165935586,0
6286-SUUWT,0.2029886053689864,0
8067-NIOYM,0.010335550611017971,0
1043-YCUTE,0.012243959272777754,0
6425-JWTDV,0.02565348599996904,0
8950-MTZNV,0.41011783443733124,0
5915-DGNVC,0.11482994454315618,0
3317-VLGQT,0.5596747089155785,1
9928-BZVLZ,0.04438543117050049,0
8590-YFFQO,0.04212549397438518,0
8679-LZBMD,0.19177410436600123,0
7140-ADSMJ,0.14854379974259693,0
5774-QPLTF,0.029593304779500534,0
3486-KHMLI,0.10837288098812613,0
5193-QLVZB,0.17717096784188274,0
6465-GSRCL,0.16590359438328825,0
8944-AILEF,0.22170551403419447,0
0576-WNXXC,0.549692776144131,1
4933-IKULF,0.0267912473067364,0
8436-BJUMM,0.5568040607786683,1
5315-CKEQK,0.11629090624105284,0
2947-DOMLJ,0.3526241647360135,0
2195-ZRVAX,0.5568040607786683,1
2669-QVCRG,0.5568040607786683,1
9560-ARGQJ,0.5568040607786683,1
2478-EEWWM,0.40907405563548793,0
7073-QETQY,0.029593304779500534,0
1084-UQCHV,0.4835727797852718,0
0871-URUWO,0.5481690226399261,1
8573-CGOCC,0.2095205533177597,0
3976-NLDEZ,0.1376241880655678,0
5201-FRKKS,0.4853674188069192,0
8988-ECPJR,0.5596747089155785,1
2067-QYTCF,0.383848016435771,0
6691-CCIHA,0.058651676157885024,0
5989-AXPUC,0.11143041229343648,0
5378-IKEEG,0.40907405563548793,0
5130-YPIRV,0.102626356597999,0
9503-XJUME,0.033049988007666904,0
6439-LAJXL,0.2618798818049356,0
6963-EZQEE,0.060519134798097445,0
4609-KNNWG,0.02192275095057288,0
8710-YGLWG,0.41011783443733124,0
5533-NHFRF,0.2990614992675447,0
5376-PCKNB,0.22075147170874235,0
1955-IBMMB,0.022125431674973824,0
6980-CDGFC,0.033482082249178424,0
5989-PGKJB,0.5568040607786683,1
3450-WXOAT,0.41011783443733124,0
7107-UBYKY,0.1169234837224218,0
3801-HMYNL,0.4838108909172704,0
6457-USBER,0.5568040607786683,1
2672-HUYVI,0.549692776144131,1
3392-EHMNK,0.08052837297714437,0
9800-ONTFE,0.5596747089155785,1
5815-HGGHV,0.09105913969055096,0
5956-VKDTT,0.5596747089155785,1
3563-SVYLG,0.042320750520117245,0
1895-QTKDO,0.36735574370996266,0
1498-DQNRX,0.21186453497194507,0
0750-EKNGL,0.1365317510907779,0
5493-SDRDQ,0.3872454664354191,0
8707-HOEDG,0.10933468687856956,0
2806-MLNTI,0.22075147170874235,0
9546-KDTRB,0.10837288098812613,0
5129-HHMZC,0.041473826563284986,0
8348-HFYIV,0.4062053397652189,0
5245-VDBUR,0.10946579622064354,0
2839-RFSQE,0.1365317510907779,0
5299-RULOA,0.5481690226399261,1
9128-CPXKI,0.14523707201703684,0
8404-FYDIB,0.5568040607786683,1
8992-VONJD,0.3848893966855491,0
1270-XKUCC,0.021155872176000567,0
6848-HJTXY,0.022181797470218537,0
2037-SGXHH,0.549692776144131,1
2599-CZABP,0.11027994943259818,0
0657-DOGUM,0.08963684564567229,0
7067-KSAZT,0.22155879430522357,0
4391-LNRXK,0.4241933202853183,0
8474-UMLNT,0.2451262361903943,0
2706-QZIHY,0.01656800241107907,0
4293-ETKAP,0.05910659722468783,0
7739-LAXOG,0.549692776144131,1
6968-GMKPR,0.5568040607786683,1
7587-AOVVU,0.3766918059447113,0
4837-QUSFT,0.15927025869138345,0
9799-CAYJJ,0.5489101500778699,1
7609-YBPXG,0.041473826563284986,0
8800-ZKRFW,0.3915905255480328,0
3978-YNKDD,0.017073480897966686,0
1061-PNTHC,0.3822825637929135,0
0928-XUTSN,0.5582914302703345,1
6386-SZZKH,0.11803365657701324,0
2606-PKWJB,0.07310670337104129,0
6733-LRIZX,0.11554957899208734,0
4654-GGUII,0.09437996492187777,0
9351-HXDMR,0.10933468687856956,0
2866-IKBTM,0.2040146277906928,0
2516-VQRRV,0.5596747089155785,1
5970-GHJAW,0.02005659364423456,0
1301-LOPVR,0.08919700087361304,0
7029-IJEJK,0.07371095199417269,0
7305-ZWMAJ,0.0267912473067364,0
5188-HGMLP,0.4853674188069192,0
2320-TZRRH,0.03407591330188488,0
0807-ZABDG,0.2798194853732932,0
4578-PHJYZ,0.09220496397206963,0
9174-IHETN,0.1382347259106078,0
3470-BTGQO,0.3710655116716976,0
5118-MUEYH,0.4194233904358445,0
9254-RBFON,0.12229903913212625,0
6701-DHKWQ,0.04438543117050049,0
8952-WCVCD,0.22075147170874235,0
2277-BKJKN,0.162015230742846,0
0730-BGQGF,0.04263344824784273,0
2974-GGUXS,0.549692776144131,1
3904-UKFRE,0.5582914302703345,1
3688-FTHLT,0.3668459368898963,0
8242-JSVBO,0.40907405563548793,0
6959-UWKHF,0.40907405563548793,0
8000-REIQB,0.5579825468231754,1
5018-LXQQG,0.24400499267704504,0
1360-RCYRT,0.2994354053932408,0
5622-UEJFI,0.012356912215518346,0
3451-VAWLI,0.021155872176000567,0
0743-HRVFF,0.08961508986630679,0
3058-WQDRE,0.4020595051765708,0
5590-ZSKRV,0.3526241647360135,0
1735-XMJVH,0.22015908546276589,0
5777-ZPQNC,0.026563368871606548,0
4335-UPJSI,0.02939830824175519,0
9950-MTGYX,0.017064455659701126,0
5982-XMDEX,0.014561570453150117,0
9821-POOTN,0.5596747089155785,1
5494-HECPR,0.5582914302703345,1
1602-IJQQE,0.48910358952555777,0
2346-CZYIL,0.01577362778607234,0
9057-MSWCO,0.3663516548093493,0
6502-HCJTI,0.549692776144131,1
0030-FNXPP,0.21186453497194507,0
7130-VTEWQ,0.5596747089155785,1
2270-CHBFN,0.4241933202853183,0
3398-GCPMU,0.060519134798097445,0
6061-GWWAV,0.11482994454315618,0
4635-EJYPD,0.024380620146310504,0
1428-GTBJJ,0.5596747089155785,1
0401-WDBXM,0.17717096784188274,0
1810-MVMAI,0.24553890598756495,0
7249-WBIYX,0.5568040607786683,1
2055-PDADH,0.5579825468231754,1
5575-TPIZQ,0.5528149138058475,1
8914-RBTSB,0.4806887532555539,0
5049-MUBWG,0.07657587202162999,0
7470-MCQTK,0.4082276912655251,0
4530-NDRKU,0.03758174196603441,0
8651-ENBZX,0.16521308343438318,0
7566-DSRLQ,0.10933468687856956,0
5614-DNZCE,0.057787825911799144,0
0523-VNGTF,0.2823681399486507,0
4735-ASGMA,0.5481690226399261,1
4111-BNXIF,0.056365531866920504,0
7954-MLBUN,0.08712525225403475,0
5859-HZYLF,0.020750686799383602,0
6502-MJQAE,0.5581142688775561,1
7684-XSZIY,0.014134483738204156,0
8480-PPONV,0.10065794946246745,0
7995-ZHHNZ,0.0996154837552905,0
6917-IAYHD,0.2702058800265553,0
2243-FNMMI,0.20302738413002147,0
8847-GEOOQ,0.26516782498434677,0
1099-BTKWT,0.11430747271714545,0
3296-SILRA,0.5596747089155785,1
5389-FFVKB,0.5582914302703345,1
7302-ZHMHP,0.17940154356194113,0
7130-CTCUS,0.3872454664354191,0
8003-EWNDZ,0.11376204049286354,0
4080-OGPJL,0.2430335129758488,0
6950-TWMYB,0.1035586673430155,0
2079-FBMZK,0.5489101500778699,1
3404-JNXAX,0.4068270997865625,0
7110-BDTWG,0.06737531991783849,0
4751-ERMAN,0.102626356597999,0
3898-BSJYF,0.07604648288695384,0
9194-GFVOI,0.041924158364357283,0
0439-IFYUN,0.5596747089155785,1
3295-YVUSR,0.5579825468231754,1
9154-QDGTH,0.16440576083790195,0
7129-CAKJW,0.4863981540782596,0
8822-KNBHV,0.13971735582266098,0
0774-IFUVM,0.3668459368898963,0
4671-LXRDQ,0.41011783443733124,0
1768-ZAIFU,0.4020595051765708,0
6156-UZDLF,0.13132559035710586,0
6252-DFGTK,0.07330819981657959,0
6682-VCIXC,0.09118043439752047,0
9763-PDTKK,0.4241933202853183,0
3424-NMNBO,0.21428318474538738,0
6131-IUNXN,0.16437453477431926,0
1049-FYSYG,0.40907405563548793,0
7396-VJUZB,0.3710655116716976,0
4538-WNTMJ,0.03319366631508333,0
0673-IGUQO,0.14125260339458354,0
0042-JVWOJ,0.0332374776712137,0
1150-FTQGN,0.17468520721622668,0
6061-PQHMK,0.03307112102003622,0
9115-YQHGA,0.2823681399486507,0
0577-WHMEV,0.4806887532555539,0
7994-XIRTR,0.07212655516812483,0
3995-WFCSM,0.333954214894153,0
3133-PZNSR,0.10839693843596711,0
0812-WUPTB,0.4853175555477718,0
0289-IVARM,0.333954214894153,0
5442-BHQNG,0.4853175555477718,0
4737-AQCPU,0.04171387360417531,0
6556-DBKZF,0.13876411504528394,0
7654-YWJUF,0.1346651754616758,0
6599-SFQVE,0.3872454664354191,0
7693-LCKZL,0.5582914302703345,1
8466-PZBLH,0.08812291015622067,0
2569-WGERO,0.010335550611017971,0
2824-MYYBN,0.549692776144131,1
3002-WQZWT,0.5596747089155785,1
2054-PJOCK,0.07741635027117907,0
3550-SAHFP,0.5568040607786683,1
1666-JZPZT,0.3672000660301384,0
2672-TGEFF,0.5528149138058475,1
0336-KXKFK,0.056365531866920504,0
5174-ITUMV,0.22075147170874235,0
0348-SDKOL,0.4276746174766107,0
8111-RKSPX,0.5579825468231754,1
4750-ZRXIU,0.5568040607786683,1
4236-UJPWO,0.38811164560659817,0
7339-POGZN,0.3526241647360135,0
9776-OJUZI,0.549692776144131,1
4633-MKHYU,0.5528149138058475,1
1264-FUHCX,0.08949168315831914,0
2335-GSODA,0.046402326090013955,0
2819-GWENI,0.03307112102003622,0
9782-LGXMC,0.24735212297131806,0
7579-KKLOE,0.061212634582858534,0
6980-IMXXE,0.016270494549737134,0
8329-UTMVM,0.16440576083790195,0
6152-ONASV,0.07116665503603518,0
6990-YNRIO,0.0855668438045473,0
0471-ARVMX,0.22075147170874235,0
5686-CMAWK,0.10971884032527442,0
2439-LYPMQ,0.5481690226399261,1
5813-UECBU,0.5568040607786683,1
2453-SAFNS,0.07464826648873744,0
5652-MSDEY,0.5596747089155785,1
2985-JUUBZ,0.41478009318206494,0
8033-VCZGH,0.22075147170874235,0
2229-VWQJH,0.4062053397652189,0
0519-DRGTI,0.14283747579552902,0
6075-QMNRR,0.3897941210107765,0
3217-FZDMN,0.549692776144131,1
4283-IVYCI,0.24400499267704504,0
6996-KNSML,0.5596747089155785,1
4737-HOBAX,0.04331098161110293,0
6413-XKKPU,0.5511718712577721,1
6867-ACCZI,0.06299072482520375,0
8908-NMQTX,0.05893916888545447,0
2061-VVFST,0.2050405530849108,0
0334-ZFJSR,0.09269445077196764,0
7169-YWAMK,0.04148728816654404,0
0975-UYDTX,0.09934785919415756,0
6890-PFRQX,0.3611023954780378,0
6229-LSCKB,0.5596747089155785,1
9079-YEXQJ,0.3437363565341288,0
7340-KEFQE,0.046402326090013955,0
8868-WOZGU,0.545287287726133,1
4826-DXMUP,0.0943132628692192,0
3113-IWHLC,0.3872454664354191,0
9574-RKJIF,0.549692776144131,1
8685-WHQPW,0.5596747089155785,1
9220-ZNKJI,0.07851371039535149,0
6927-WTFIV,0.4853175555477718,0
5712-AHQNN,0.549692776144131,1
2073-QBVBI,0.07310670337104129,0
1576-PFZIW,0.14222274181641117,0
1763-KUAAW,0.02642320453097467,0
7181-OQCUT,0.4706432557566553,0
9878-TNQGW,0.5568040607786683,1
6988-CJEYV,0.4791649997513489,0
3544-FBCAS,0.10206020742711715,0
7426-RHZGU,0.42083966174873305,0
0268-QKIWO,0.2095205533177597,0
1060-ENTOF,0.16440576083790195,0
7284-BUYEC,0.3897941210107765,0
6671-NGWON,0.14283747579552902,0
1304-BCCFO,0.413087931089662,0
1600-DILPE,0.41011783443733124,0
5671-RQRLP,0.16277430852689234,0
3750-CKVKH,0.48022567873337807,0
0883-EIBTI,0.2050405530849108,0
0363-SVHYR,0.041473826563284986,0
4119-ZYPZY,0.11768938141844396,0
2632-TACXW,0.015102319635374107,0
9728-FTTVZ,0.535507398748683,1
8076-FEZKJ,0.03407591330188488,0
2984-RGEYA,0.02939830824175519,0
7607-QKKTJ,0.19590068614608216,0
2984-AFWNC,0.4806887532555539,0
8597-CTXVJ,0.07212655516812483,0
8883-GRDWQ,0.07202069296315608,0
8292-TYSPY,0.2798194853732932,0
1355-KUSBG,0.3672000660301384,0
2038-OEQZH,0.48491078458659337,0
2788-CJQAQ,0.03407591330188488,0
1555-HAPSU,0.015102319635374107,0
4299-SIMNS,0.5568040607786683,1
8395-ETZKQ,0.03407591330188488,0
5095-ETBRJ,0.04116559384229551,0
5215-LNLDJ,0.4395186571357227,0
5384-ZTTWP,0.21078056365100692,0
8748-HFWBO,0.03307112102003622,0
4915-BFSXL,0.07793233841539793,0
3594-UVONA,0.0957764953135007,0
1573-LGXBA,0.19537860901824852,0
8073-IJDCM,0.15249230850717876,0
5569-OUICF,0.4276746174766107,0
1640-PLFMP,0.5579825468231754,1
9168-INPSZ,0.3688478226844561,0
3785-NRHYR,0.20168343702200203,0
2538-OIMXF,0.39371770621265884,0
8208-EUMTE,0.04524213222522134,0
6115-ZTBFQ,0.04327683694804051,0
3452-GWUIN,0.549692776144131,1
3985-HOYPM,0.03407591330188488,0
3280-MRDOF,0.061167455597281484,0
1410-RSCMR,0.2766808247092222,0
3496-LFSZU,0.4853175555477718,0
5944-UGLLK,0.07202069296315608,0
2018-PZKMU,0.37784591229026676,0
9237-HQITU,0.5579825468231754,1
0254-KCJGT,0.0942333102376565,0
2034-GDRCN,0.549692776144131,1
7217-JYHOQ,0.2766808247092222,0
3143-ILDAL,0.4241933202853183,0
7924-GJZFI,0.5489101500778699,1
1757-TCATG,0.026563368871606548,0
5649-TJHOV,0.3663516548093493,0
6000-UKLWI,0.016270494549737134,0
0396-HUJBP,0.19863057677071413,0
7486-KSRVI,0.15927025869138345,0
9795-SHUHB,0.056365531866920504,0
6919-ELBGL,0.10848673366219529,0
4065-JJAVA,0.3568283871006544,0
4730-AWNAU,0.07116665503603518,0
1245-HARPS,0.016160357666305487,0
7665-TOALD,0.5581142688775561,1
4471-KXAUH,0.41401356117930166,0
8718-PTMEZ,0.40907405563548793,0
8901-HJXTF,0.34220005408255166,0
3301-LSLWQ,0.3668459368898963,0
7613-LLQFO,0.5568040607786683,1
9436-ZBZCT,0.42253508455168776,0
7266-GSSJX,0.14854379974259693,0
2782-JEEBU,0.2990614992675447,0
8910-LEDAG,0.4853175555477718,0
8821-XNHVZ,0.5582914302703345,1
1024-KPRBB,0.19420274224295667,0
9137-UIYPG,0.40637679902429047,0
9019-QVLZD,0.48778143272350355,0
2187-LZGPL,0.40907405563548793,0
5862-BRIXZ,0.056365531866920504,0
1612-EOHDH,0.3710655116716976,0
2582-FFFZR,0.3897941210107765,0
8757-TFHHJ,0.3897941210107765,0
4818-DRBQT,0.5582914302703345,1
1047-NNCBF,0.4853175555477718,0
0788-DXBFY,0.0332374776712137,0
1929-ZCBHE,0.07310670337104129,0
7721-JXEAW,0.40907405563548793,0
9801-GDWGV,0.545287287726133,1
5172-MIGPM,0.24400499267704504,0
3373-DIUUN,0.015102319635374107,0
4072-IPYLT,0.3526241647360135,0
3086-RUCRN,0.4276746174766107,0
5380-AFSSK,0.549692776144131,1
6032-IGALN,0.4020595051765708,0
1307-ATKGB,0.5511718712577721,1
1478-VPOAD,0.36735574370996266,0
8565-CLBZW,0.549692776144131,1
4534-WGCIR,0.01656800241107907,0
9039-ZVJDC,0.24953548334752237,0
8020-BWHYL,0.5596747089155785,1
2700-LUEVA,0.1365317510907779,0
3489-VSFRD,0.08963684564567229,0
7905-TVXTA,0.26343824528068455,0
7026-YMSBE,0.033049988007666904,0
0952-KMEEH,0.4791649997513489,0
3009-JWMPU,0.1969023625224536,0
6103-BOCOU,0.5568040607786683,1
8148-NLEGT,0.015102319635374107,0
7463-IFMQU,0.016270494549737134,0
1725-IQNIY,0.08117499300604672,0
8706-HRADD,0.2990614992675447,0
2684-EIWEO,0.4806887532555539,0
3422-GALYP,0.5596747089155785,1
1518-VOWAV,0.41478009318206494,0
7409-JURKQ,0.15762505644283512,0
6092-QZVPP,0.28675766167710837,0
1336-EZFZY,0.16615943343293718,0
6563-VNPMN,0.4199616896494433,0
9866-QEVEE,0.5568040607786683,1
7322-OCWHC,0.10220502957925916,0
2550-AEVRU,0.10155346451246677,0
1215-FIGMP,0.549692776144131,1
4009-ALQFH,0.5481690226399261,1
3331-HQDTW,0.48793021587490115,0
9386-LDCZR,0.13373439341646318,0
7079-QRCBC,0.5481690226399261,1
3126-WQMGH,0.3897941210107765,0
0939-YAPAF,0.5481690226399261,1
2045-BMBTJ,0.3685755165935586,0
3723-BFBGR,0.3526241647360135,0
1915-IOFGU,0.4853175555477718,0
7905-NJMXS,0.24400499267704504,0
9677-AVKED,0.09622682711457302,0
1356-MKYSK,0.25712376033061496,0
4821-SJHJV,0.48216784836919496,0
0056-EPFBG,0.06569921775501839,0
0402-CQAJN,0.5481690226399261,1
9432-RUVSL,0.12146673106982293,0
6022-UGGSO,0.5596747089155785,1
6959-GQEGV,0.41478009318206494,0
1544-JJMYL,0.07497473653140113,0
7593-XFKDI,0.3710655116716976,0
6683-VLCTZ,0.5481690226399261,1
6572-ADKRS,0.5596747089155785,1
5349-AZPEW,0.373948068443021,0
5574-NXZIU,0.08467350493756244,0
6388-TABGU,0.0996154837552905,0
4290-BSXUX,0.4076523565631476,0
6969-MVBAI,0.549692776144131,1
9681-OXGVC,0.5481690226399261,1
3413-DHLPB,0.4211709964549963,0
1970-KKFWL,0.015102319635374107,0
1482-OXZSY,0.5481690226399261,1
0106-UGRDO,0.10848673366219529,0
4853-OITSN,0.5528149138058475,1
2972-YDYUW,0.12031762950418351,0
6393-WRYZE,0.5481690226399261,1
3097-PYWXL,0.21820592376388925,0
1231-YNDEK,0.020750686799383602,0
8634-CILSZ,0.16440576083790195,0
2364-UFROM,0.07464826648873744,0
6509-TSGWN,0.10752904222487167,0
9274-CNFMO,0.4880378648626392,0
9253-VIFJQ,0.10000031528808677,0
2545-LXYVJ,0.016255595761543583,0
6064-PUPMC,0.07116665503603518,0
8612-GXIDD,0.012356912215518346,0
3810-PJUHR,0.01577750259403155,0
0197-PNKNK,0.16355199413399257,0
5214-NLTIT,0.15784657632182816,0
9572-MTILT,0.40956650164698283,0
3422-WJOYD,0.07202069296315608,0
6017-PPLPX,0.5579825468231754,1
2277-DJJDL,0.4326161379444469,0
1636-NTNCO,0.3897941210107765,0
5304-EFJLP,0.10933468687856956,0
3915-ODIYG,0.13791501968138625,0
4396-KLSEH,0.21962068690337863,0
2480-JZOSN,0.1341005355483315,0
7527-QNRUS,0.012243959272777754,0
7392-YYPYJ,0.5481690226399261,1
6923-JHPMP,0.5582914302703345,1
2725-KXXWT,0.549692776144131,1
7503-QQRVF,0.5596747089155785,1
2832-SCUCO,0.21027663240831035,0
4797-MIWUM,0.1607300231864764,0
4713-LZDRV,0.5596747089155785,1
4208-UFFGW,0.3710655116716976,0
0112-QWPNC,0.07993003480406348,0
5997-OPVFA,0.060519134798097445,0
0388-EOPEX,0.5596747089155785,1
8046-DNVTL,0.06569921775501839,0
7550-WIQVA,0.21428318474538738,0
4735-BJKOU,0.016270494549737134,0
2359-KMGLI,0.5582914302703345,1
0916-QOFDP,0.549692776144131,1
7274-CGTOD,0.06633154111599518,0
3129-AAQOU,0.015363709490583275,0
4154-AQUGT,0.4243911451577484,0
3199-NPKCN,0.15762505644283512,0
2249-YPRNG,0.545287287726133,1
3082-YVEKW,0.05910659722468783,0
0953-LGOVU,0.2702058800265553,0
5281-BUZGT,0.549692776144131,1
5197-YPYBZ,0.01656800241107907,0
7690-KPNCU,0.13931323607960266,0
1452-KIOVK,0.5528149138058475,1
2929-QNSRW,0.19537860901824852,0
4039-HEUNW,0.549692776144131,1
0771-WLCLA,0.383848016435771,0
7326-RIGQZ,0.5581142688775561,1
5666-MBJPT,0.012243959272777754,0
4521-YEEHE,0.4243911451577484,0
5923-GXUOC,0.545287287726133,1
6696-YDAYZ,0.016160357666305487,0
0529-ONKER,0.48910358952555777,0
1803-BGNBD,0.2798194853732932,0
2645-QTLMB,0.549692776144131,1
0396-YCHWO,0.549692776144131,1
5178-LMXOP,0.549692776144131,1
6164-HAQTX,0.04524213222522134,0
1042-HFUCW,0.08919700087361304,0
6016-NXBNJ,0.03553627540510393,0
5760-FXFVO,0.5596747089155785,1
0322-YINQP,0.41011783443733124,0
4860-IJUDE,0.5596747089155785,1
8079-XRJRS,0.16848574395022073,0
1213-NGCUN,0.2823681399486507,0
9227-YBAXE,0.05708788765436816,0
3470-OBUET,0.04224326273885148,0
2672-OJQZP,0.36735574370996266,0
5312-TSZVC,0.033049988007666904,0
9257-AZMTZ,0.016270494549737134,0
6614-YWYSC,0.01656800241107907,0
6773-LQTVT,0.40907405563548793,0
4329-YPDDQ,0.38736110584492883,0
2862-PFNIK,0.4395186571357227,0
8582-KRHPJ,0.40907405563548793,0
4652-ODEVH,0.014316301920022341,0
5820-PTRYM,0.09220496397206963,0
0356-ERHVT,0.41011783443733124,0
9063-ZGTUY,0.22170551403419447,0
6096-EGVTU,0.03388235966682016,0
6519-ZHPXP,0.1164429178590722,0
0265-PSUAE,0.47665634447850175,0
8160-HOWOX,0.3668459368898963,0
3256-EZDBI,0.3935984855521833,0
6210-KBBPI,0.5481690226399261,1
7696-CFTAT,0.024757100671681815,0
9013-AQORL,0.3710655116716976,0
0193-ESZXP,0.16440576083790195,0
2091-RFFBA,0.5596747089155785,1
0336-PIKEI,0.04224326273885148,0
4465-VDKIQ,0.4910231280270546,0
2577-GVSIL,0.09571147926743562,0
2197-OMWGI,0.08950879809023547,0
6243-OZGFH,0.41011783443733124,0
8189-HBVRW,0.4806887532555539,0
2450-ZKEED,0.07202069296315608,0
8760-ZRHKE,0.11249481441339437,0
4525-VZCZG,0.16440576083790195,0
3001-CBHLQ,0.4194233904358445,0
0536-ACXIP,0.17070761633372353,0
1987-AUELQ,0.01656800241107907,0
2408-WITXK,0.40907405563548793,0
7242-QZLXF,0.4020595051765708,0
4846-WHAFZ,0.5596747089155785,1
5135-GRQJV,0.10848673366219529,0
5331-RGMTT,0.5481690226399261,1
5626-MGTUK,0.5528149138058475,1
4381-MHQDC,0.057787825911799144,0
9722-UJOJR,0.5579825468231754,1
1855-CFULU,0.16615943343293718,0
0533-UCAAU,0.13791501968138625,0
4312-KFRXN,0.01577750259403155,0
9036-CSKBW,0.19188643165569746,0
8198-RKSZG,0.259090878577928,0
5480-TBGPH,0.5481690226399261,1
4176-FXYBO,0.4273580239362929,0
2990-HWIML,0.5511718712577721,1
2889-FPWRM,0.18000318188546682,0
5357-TZHPP,0.5568040607786683,1
0187-WZNAB,0.4869347264992269,0
4598-XLKNJ,0.5481690226399261,1
4094-NSEDU,0.549692776144131,1
6365-MTGZX,0.42083966174873305,0
3557-HTYWR,0.04224326273885148,0
4369-NYSCF,0.09571147926743562,0
9786-IJYDL,0.10933468687856956,0
9588-YRFHY,0.02023144691491779,0
6885-PKOAM,0.041473826563284986,0
2452-SNHFZ,0.48910358952555777,0
6242-SGYTS,0.19590068614608216,0
5127-BZENZ,0.09764103726452131,0
6650-VJONK,0.40907405563548793,0
3393-FMZPV,0.5481690226399261,1
2897-DOVND,0.5581142688775561,1
9741-YLNTD,0.4202417213756636,0
8336-TAVKX,0.04224326273885148,0
1599-EAHXY,0.02569817183598216,0
0643-OKLRP,0.4863981540782596,0
2541-YGPKE,0.07212655516812483,0
6344-SFJVH,0.373948068443021,0
1469-LBJQJ,0.545287287726133,1
7517-LDMPS,0.5568040607786683,1
5136-RGMZO,0.2766808247092222,0
9575-IWCAZ,0.03319366631508333,0
4193-IBKSW,0.01702140164516884,0
8849-PRIQJ,0.16625343850422097,0
5844-QVTAT,0.10943514533711034,0
6727-IOTLZ,0.04266141594502289,0
1866-NXPSP,0.09571147926743562,0
3779-OSWCF,0.04514018624971377,0
5119-KEPFY,0.549692776144131,1
5542-NKVRU,0.014631314102720274,0
2103-ZRXFN,0.3526241647360135,0
0266-CLZKZ,0.12037653863425754,0
6108-OQZDQ,0.5481690226399261,1
3751-KTZEL,0.3663516548093493,0
3685-YLCMQ,0.16440576083790195,0
8189-XRIKE,0.4806887532555539,0
2114-MGINA,0.549692776144131,1
2626-VEEWG,0.019303661657163664,0
3453-RTHJQ,0.5321987161724373,1
1304-NECVQ,0.5596747089155785,1
4070-OKWVH,0.4806887532555539,0
1814-DKOLC,0.1087449743657531,0
9033-EOXWV,0.07657587202162999,0
5568-DMXZS,0.26343824528068455,0
2845-AFFTX,0.5481690226399261,1
5727-MYATE,0.061212634582858534,0
0565-IYCGT,0.09571147926743562,0
6500-JVEGC,0.1920327686217555,0
1960-UYCNN,0.549692776144131,1
4174-LPGTI,0.09269445077196764,0
8665-UTDHZ,0.36882633698991385,0
7182-OVLBJ,0.1670427152860337,0
6857-TKDJV,0.015781012651052764,0
9283-LZQOH,0.5596747089155785,1
3181-MIZBN,0.2095205533177597,0
0487-CRLZF,0.05910659722468783,0
4702-IOQDC,0.5579825468231754,1
3428-XZMAZ,0.5489101500778699,1
4514-GFCFI,0.5568040607786683,1
1724-BQUHA,0.5511718712577721,1
6303-KFWSL,0.11430747271714545,0
1705-GUHPV,0.014134483738204156,0
7503-MIOGA,0.060519134798097445,0
1113-IUJYX,0.14851407990077173,0
8873-GLDMH,0.5596747089155785,1
7317-GGVPB,0.1164429178590722,0
7277-OZCGZ,0.4243911451577484,0
5712-VBOXD,0.21174164806108475,0
2040-OBMLJ,0.10728910865684392,0
4088-YLDSU,0.16440576083790195,0
9839-ETQOE,0.40907405563548793,0
2077-MPJQO,0.5596747089155785,1
2393-DIVAI,0.20531660672194266,0
0742-LAFQK,0.162015230742846,0
8606-CIQUL,0.10848673366219529,0
7242-EDTYC,0.021155872176000567,0
0742-NXBGR,0.5568040607786683,1
4827-LTQRJ,0.15762505644283512,0
1952-DVVSW,0.026563368871606548,0
1395-OFUWC,0.34220005408255166,0
4112-LUEIZ,0.5511718712577721,1
6608-QQLVK,0.3897941210107765,0
2404-JIBFC,0.058651676157885024,0
7673-LPRNY,0.13931323607960266,0
3694-DELSO,0.37273069949347876,0
4273-MBHYA,0.5511718712577721,1
3407-QGWLG,0.20531660672194266,0
7016-BPGEU,0.4020595051765708,0
2332-TODQS,0.03319366631508333,0
8148-BPLZQ,0.3897941210107765,0
0564-JJHGS,0.549692776144131,1
2682-KEVRP,0.029696208530182778,0
8631-XVRZL,0.03429757837174031,0
9592-ERDKV,0.11675755007604874,0
7426-GSWPO,0.545287287726133,1
3587-PMCOY,0.19537860901824852,0
7752-XUSCI,0.545287287726133,1
1480-IVEVR,0.1917558108768551,0
6766-HFKLA,0.08995996515683047,0
2446-PLQVO,0.5579825468231754,1
9058-CBREO,0.3526241647360135,0
1741-WTPON,0.08565794946246742,0
4508-OEBEY,0.09571147926743562,0
9249-FXSCK,0.15762505644283512,0
9701-CDXHR,0.4700657086863962,0
6599-GZWCM,0.19393075616869673,0
0461-CVKMU,0.36623925321104944,0
5832-TRLPB,0.09571147926743562,0
4947-DSMXK,0.5481690226399261,1
6778-EICRF,0.11675755007604874,0
7301-ABVAD,0.041473826563284986,0
1396-QWFBJ,0.5596747089155785,1
3027-ZTDHO,0.549692776144131,1
4351-QLCSU,0.3872454664354191,0
1771-OADNZ,0.549692776144131,1
6845-RGTYS,0.5481690226399261,1
8869-LIHMK,0.10848673366219529,0
6305-YLBMM,0.16440576083790195,0
7080-TNUWP,0.19590068614608216,0
5937-EORGB,0.549692776144131,1
2603-HVKCG,0.5481690226399261,1
2189-UXTKY,0.28675766167710837,0
0295-PPHDO,0.549692776144131,1
4237-CLSMM,0.16813878446538555,0
3813-DHBBB,0.062425503773753686,0
4024-CSNBY,0.10521208640831324,0
6050-FFXES,0.08812291015622067,0
8623-TMRBY,0.5568040607786683,1
3318-NMQXL,0.549692776144131,1
8840-DQLGN,0.4276746174766107,0
1193-RTSLK,0.5568040607786683,1
3948-KXDUF,0.04148728816654404,0
0186-CAERR,0.15677710322646085,0
1112-CUNAO,0.4806887532555539,0
0623-IIHUG,0.40907405563548793,0
2546-KZAAT,0.13931323607960266,0
8779-QRDMV,0.40907405563548793,0
0839-QNXME,0.022181797470218537,0
9720-JJJOR,0.1107290280362905,0
3703-KBKZP,0.5596747089155785,1
9143-CANJF,0.26084862668244274,0
8904-OPDCK,0.4020595051765708,0
3707-LRWZD,0.16355199413399257,0
3764-MNMOI,0.024380620146310504,0
7427-AUFPY,0.021155872176000567,0
3128-YOVTD,0.5596747089155785,1
0023-UYUPN,0.03676771245332161,0
1335-HQMKX,0.21101368844845603,0
8010-EZLOU,0.5582914302703345,1
8457-XIGKN,0.21868619351909435,0
1862-QRWPE,0.016255595761543583,0
0142-GVYSN,0.15249230850717876,0
6473-ULUHT,0.2696901396876734,0
6496-JDSSB,0.5582914302703345,1
0531-XBKMM,0.04327683694804051,0
0303-UNCIP,0.09764103726452131,0
9294-TDIPC,0.16437453477431926,0
8150-QUDFX,0.21186453497194507,0
7459-RRWQZ,0.3668459368898963,0
7951-VRDVK,0.07947970300299118,0
5334-AFQJB,0.012243959272777754,0
3853-LYGAM,0.42083966174873305,0
0420-TXVSG,0.08143895269757198,0
1784-BXEFA,0.14093989064353996,0
0746-JTRFU,0.4020595051765708,0
7569-NMZYQ,0.1382291436324484,0
0455-ENTCR,0.041473826563284986,0
0621-TWIEM,0.41011783443733124,0
7969-AULMZ,0.5481690226399261,1
6924-TDGMT,0.02979687301459262,0
5956-YHHRX,0.545287287726133,1
8313-AFGBW,0.08310782903489727,0
2260-USTRB,0.5579825468231754,1
1702-CCFNJ,0.2461969662934963,0
0942-KOWSM,0.04266141594502289,0
2718-GAXQD,0.3710655116716976,0
8108-UXRQN,0.3526241647360135,0
7940-UQQUG,0.16440576083790195,0
6702-OHFWR,0.40907405563548793,0
2919-HBCJO,0.5596747089155785,1
6732-FZUGP,0.17468520721622668,0
6184-DYUOB,0.21868619351909435,0
7856-GANIL,0.14103670303234422,0
0634-SZPQA,0.549692776144131,1
9822-BIIGN,0.2430335129758488,0
7037-MTYVW,0.05820134435681272,0
9631-XEYKE,0.3526241647360135,0
7508-KBIMB,0.1123694919599692,0
1173-XZPYF,0.5511718712577721,1
7036-ZZKBD,0.26343824528068455,0
7714-YXSMB,0.5481690226399261,1
1230-QAJDW,0.26343824528068455,0
7298-IZWLY,0.22170551403419447,0
0570-BFQHT,0.48491078458659337,0
2208-UGTGR,0.4791649997513489,0
6215-NQCPY,0.5481690226399261,1
3348-CFRNX,0.549692776144131,1
0794-YVSGE,0.01577362778607234,0
0436-TWFFZ,0.05820134435681272,0
6894-LFHLY,0.5596747089155785,1
3023-GFLBR,0.48491078458659337,0
2040-LDIWQ,0.058651676157885024,0
9170-CCKOU,0.4806887532555539,0
2190-BCXEC,0.4064552967324915,0
6328-ZPBGN,0.549692776144131,1
5414-OFQCB,0.1005467938456286,0
0810-BDHAW,0.11675755007604874,0
5248-RPYWW,0.060519134798097445,0
1143-NMNQJ,0.5568040607786683,1
9777-WJJPR,0.4838108909172704,0
2916-BQZLN,0.5568040607786683,1
6087-MVHJH,0.5528149138058475,1
0479-HMSWA,0.12037653863425754,0
8337-MSSXB,0.5568040607786683,1
3679-XASPY,0.20302738413002147,0
0872-JCPIB,0.33176224127770176,0
7109-CQYUZ,0.060519134798097445,0
8441-SHIPE,0.011943119112070069,0
3774-VBNXY,0.016270494549737134,0
1207-BLKSA,0.015102319635374107,0
8215-NGSPE,0.016264770955319842,0
3744-ZBHON,0.16437453477431926,0
3422-LYEPQ,0.5579825468231754,1
7851-FLGGQ,0.2990614992675447,0
7483-IQWIB,0.549692776144131,1
8165-ZJRNM,0.015102319635374107,0
7621-VPNET,0.4199616896494433,0
4012-YCFAI,0.056365531866920504,0
6861-OKBCE,0.16615943343293718,0
8640-SDGKB,0.27837298680162514,0
2690-DVRVK,0.0267912473067364,0
2642-DTVCO,0.5568040607786683,1
9091-WTUUY,0.04528021903624715,0
0455-XFASS,0.5581462851767629,1
3156-QLHBO,0.19722596461138497,0
1248-DYXUB,0.01702140164516884,0
7269-JISCY,0.1113237282344415,0
2256-YLYLP,0.05910659722468783,0
3520-FJGCV,0.10933468687856956,0
3055-MJDSB,0.4395186571357227,0
4450-DLLMH,0.5579825468231754,1
0531-ZZJWQ,0.5596747089155785,1
1460-UZPRJ,0.02005659364423456,0
